There	O
are	O
many	O
different	O
types	O
of	O
crude	PROD
oil	PROD
processed	O
,	O
Light	PROD
,	O
but	O
also	O
very	PROD
heavy	PROD
oil	PROD
.	O
Azeri	PROD
crude	PROD
.	O
The	O
design	O
for	O
STAR	REF
Refinery	REF
will	O
enable	O
to	O
process	O
different	O
types	O
of	O
crude	PROD
oil	PROD
such	O
as	O
Urals	PROD
,	O
Azeri	PROD
Light	PROD
Crude	PROD
Oil	PROD
and	O
Kirkuk	PROD
.	O
The	REF
Refinery	REF
uses	O
domestic	O
Kumkol	OFI
Crude	PROD
Oil	PROD
from	O
the	OFI
Kumkol	OFI
Oil	OFI
Field	OFI
.	O
The	REF
refinery	REF
will	O
be	O
able	O
to	O
process	O
any	O
mixture	O
of	O
Basrah	REF
Regular	PROD
Crude	PROD
Oil	PROD
(	O
34ºAPI	O
)	O
and	O
Basrah	REF
Mishrif	REF
Crude	PROD
Oil	PROD
(	O
28ºAPI	O
)	O
.	O
It	O
processes	O
Saharan	PROD
Crude	PROD
Oil	PROD
piped	O
to	O
it	O
along	O
the	O
Haoudh	PIPE
El	PIPE
Hamra-Arzew	PIPE
Oil	PIPE
Pipeline	PIPE
.	O
The	REF
refinery	REF
processes	O
local	PROD
Hassi	PROD
Messaoud	PROD
Crude	PROD
Oil	PROD
,	O
which	O
is	O
supplied	O
by	O
pipeline	PIPE
.	O
Crude	PROD
is	O
supplied	O
by	O
the	OFI
Hassi	OFI
Messaoud	OFI
Oil	OFI
Field	OFI
.	O
Local	PROD
Domestic	PROD
Crude	PROD
from	O
the	O
Touat	OFI
Oil	OFI
Field	OFI
.	O
The	PROD
crude	PROD
is	O
delivered	O
via	O
a	O
82.5	O
kilometers	O
of	O
crude	PIPE
oil	PIPE
pipeline	PIPE
.	O
The	REF
refinery	REF
processes	O
local	PROD
Angolan	PROD
crudes	PROD
from	O
mainly	O
Kwanza	REF
and	O
Palanca	REF
light	PROD
crude	PROD
oil	PROD
imported	O
from	O
Nigeria	O
,	O
Equatorial	O
Guinea	O
and	O
Angola	O
.	O
The	REF
refinery	REF
mainly	O
processes	O
the	PROD
crude	PROD
from	O
Block	O
H	O
operated	O
by	O
CNPC	O
International	O
.	O
Domestic	PROD
Crude	PROD
.	O
Heavy	PROD
crudes	PROD
.	O
Can	O
use	O
a	O
wide	O
range	O
of	O
crudes	PROD
.	O
The	REF
refinery	REF
processes	O
domestic	PROD
crude	PROD
.	O
The	REF
refinery	REF
is	O
designed	O
to	O
use	O
Mandji	PROD
Crude	PROD
Oil	PROD
.	O
The	O
crude	PROD
comes	O
by	O
pipeline	PIPE
from	O
the	O
largest	OFI
oil	OFI
production	OFI
field	OFI
in	O
Gabon	O
.	O
The	OFI
oil	OFI
wells	OFI
are	O
owned	O
by	O
Royal	O
Dutch	O
Shell	O
Plc	O
Gabonese	O
unit	O
,	O
Total	O
Gabon	O
and	O
London-based	O
Amerada	O
Hess	O
Oil	O
and	O
Gas	O
Ltd	O
.	O
The	REF
refinery	REF
runs	O
Forcados	PROD
Crude	PROD
Oil	PROD
,	O
Bonny	PROD
Light	PROD
Crude	PROD
Oil	PROD
and	O
Brass	PROD
River	PROD
Crude	PROD
Oil	PROD
.	O
The	REF
refinery	REF
processes	O
Murban	PROD
Crude	PROD
Oil	PROD
and	O
Arab	PROD
Medium	PROD
Crude	PROD
Oil	PROD
.	O
The	REF
refinery	REF
currently	O
processes	O
a	O
mix	O
of	O
50%	O
Sarir	PROD
Crude	PROD
Oil	PROD
&	O
50%	O
Mesla	PROD
Crude	PROD
Oil	PROD
.	O
Domestic	PROD
Nigerian	PROD
crudes	PROD
.	O
Local	PROD
Nigerian	PROD
crudes	PROD
.	O
Heavy	PROD
Crude	PROD
Oil	PROD
.	O
Crude	PROD
is	O
supplied	O
from	O
the	O
Middle	O
East	O
,	O
Africa	O
and	O
Europe	O
.	O
Oil	PROD
is	O
discharged	O
by	O
tankers	O
at	O
the	O
single	O
buoy	O
mooring	O
(	O
SBM	O
)	O
,	O
about	O
2.5	O
kilometres	O
off	O
the	O
coast	O
near	O
Prospecton	O
and	O
enters	O
the	REF
refinery	REF
through	O
an	PIPE
underground	PIPE
pipeline	PIPE
.	O
Local	PROD
Sudan	PROD
crude	PROD
.	O
The	REF
refinery	REF
processes	O
crude	PROD
oils	PROD
from	O
the	OFI
Belli	OFI
,	O
al-Manzah	OFI
and	O
other	O
local	OFI
fields	OFI
.	O
Crude	PROD
is	O
recieved	O
at	O
a	O
terminal	TERM
in	O
Dar-es-Salaam	O
(	O
Tanzania	O
)	O
,	O
and	O
delivered	O
to	O
the	REF
refinery	REF
by	O
the	PIPE
TAZAMA	PIPE
Pipeline	PIPE
.	O
ERL	O
processes	O
mainly	O
two	O
types	O
of	O
crude	PROD
oil	PROD
-	O
Arabian	PROD
Light	PROD
Crude	PROD
(	O
ALC	PROD
)	O
from	O
Saudi	O
Arabia	O
and	O
Murban	PROD
Crude	PROD
from	O
Abu	O
Dhabi	O
.	O
The	PROD
crude	PROD
oil	PROD
proceed	O
in	O
the	O
oil	REF
refining	REF
units	O
comes	O
from	O
Luning	PIPE
pipe-transferred	PIPE
-	O
transferred	PROD
oil	PROD
,	O
off	PROD
shore	PROD
oil	PROD
and	O
imported	PROD
oil	PROD
.	O
It	O
mainly	O
processes	O
domestically	O
produced	O
Shengli	PROD
Crude	PROD
Oil	PROD
.	O
Guangzhou	O
Company	O
is	O
the	O
first	O
domestic	O
company	O
to	O
process	O
100%	O
imported	O
crude	PROD
oil	PROD
.	O
Hainan	REF
Refinery	REF
mainly	O
processes	O
imported	O
crude	PROD
oil	PROD
.	O
The	O
self-equipped	O
deep	OFI
water	OFI
wharf	OFI
is	O
located	O
within	O
Yangpu	TERM
Shentou	TERM
port	TERM
area	O
.	O
There	O
are	O
five	O
berths	O
including	O
300	O
0	O
DWT	PROD
crude	PROD
oil	PROD
berths	O
and	O
100	O
0	O
DWT	PROD
oil	PROD
product	PROD
berths	O
,	O
the	O
annual	O
handling	O
capacity	O
of	O
which	O
is	O
beyond	O
25	O
million	O
tons	O
.	O
Crude	PROD
supply	PROD
mainly	O
includes	O
Nanyang	PROD
crude	PROD
oil	PROD
,	O
Jianghan	PROD
crude	PROD
oil	PROD
,	O
Luning	PROD
crude	PROD
oil	PROD
and	O
imported	O
crude	PROD
oil	PROD
through	O
Yi-Chang	PIPE
pipeline	PIPE
.	O
Can	O
process	O
high	PROD
sulfur	PROD
and	O
high	PROD
acidity	PROD
crude	PROD
.	O
77%	O
of	O
the	PROD
crude	PROD
is	O
transported	O
through	O
pipelines	PIPE
.	O
In	O
2011	O
it	O
started	O
prosessing	O
South	PROD
Pars	PROD
Condensate	PROD
,	O
the	PROD
hydrogen	PROD
sulfide	PROD
content	PROD
of	O
which	O
is	O
as	O
high	O
as	O
200	O
ppm	O
.	O
Over	O
80%	O
of	O
the	PROD
crude	PROD
oil	PROD
processed	O
by	O
Sinopec	O
Maoming	O
Company	O
is	O
low-grade	PROD
crude	PROD
with	O
high	O
contents	O
of	O
sulfur	PROD
and	O
residue	PROD
.	O
Domestic	PROD
crude	PROD
from	O
the	O
Shengli	OFI
Oilfield	OFI
.	O
Qingdao	TERM
Port	TERM
.	O
The	REF
refinery	REF
is	O
designed	O
to	O
process	O
50	O
percent	O
Arabian	PROD
Light	PROD
and	O
50	O
percent	O
Arabian	PROD
Heavy	PROD
crude	PROD
.	O
The	REF
refinery	REF
can	O
process	O
highly	PROD
acidic	PROD
crude	PROD
oil	PROD
.	O
The	REF
refinery	REF
processes	O
oil	PROD
imported	O
from	O
Mongolia	O
.	O
The	REF
refinery	REF
processes	O
sour	PROD
crude	PROD
oil	PROD
.	O
The	REF
refinery	REF
mainly	O
processes	O
heavy	PROD
crude	PROD
oil	PROD
from	O
Tahe	OFI
Oil	OFI
Field	OFI
.	O
The	REF
refinery	REF
processes	O
natural	PROD
gas	PROD
condensate	PROD
.	O
high	PROD
sulfur	PROD
and	O
high	PROD
acidity	PROD
crude	PROD
.	O
Some	O
of	O
the	PROD
crude	PROD
oil	PROD
processed	O
at	O
Dalian	REF
Petrochemical	REF
comes	O
from	O
the	O
Company	O
"'"	O
s	O
own	O
production	O
in	O
the	O
Daqing	O
oil	PROD
region	O
.	O
Saudi	O
Arabia	O
is	O
also	O
a	O
major	O
supplier	O
of	O
crude	PROD
.	O
Crude	PROD
oil	PROD
supplied	O
to	O
Daqing	REF
Petrochemical	REF
is	O
transported	O
from	O
the	O
Daqing	OFI
oil	OFI
region	O
by	O
pipelines	PIPE
.	O
The	REF
refinery	REF
mainly	O
processes	O
high	PROD
sulfur	PROD
oil	PROD
imported	O
from	O
Kazakhstan	O
.	O
The	PROD
crude	PROD
is	O
delivered	O
via	O
the	O
Kazakhstan	PIPE
China	PIPE
Oil	PIPE
Pipeline	PIPE
.	O
Most	O
of	O
the	PROD
crude	PROD
oil	PROD
processed	O
at	O
Fushun	REF
Petrochemical	REF
is	O
sourced	O
from	O
the	O
Company's	O
own	O
production	O
in	O
the	O
Daqing	OFI
oil	OFI
region	OFI
and	O
the	O
Liaohe	OFI
oil	OFI
region	OFI
,	O
respectively.	O
Crude	PROD
oil	PROD
supplied	O
to	O
Fushun	REF
Petrochemical	REF
is	O
transported	O
from	O
the	O
Daqing	OFI
oil	OFI
region	OFI
and	O
the	O
Liaohe	OFI
oil	OFI
region	OFI
by	O
pipelines	PIPE
.	O
Imported	O
crude	PROD
oil	PROD
.	O
Supplied	O
from	O
the	O
Huabei	OFI
Oil	OFI
Field	OFI
.	O
Crude	PROD
is	O
supplied	O
from	O
Russia	O
via	O
a	O
connection	O
from	O
the	O
Eastern	PIPE
Siberia	PIPE
Pacific	PIPE
Ocean	PIPE
Oil	PIPE
Pipeline	PIPE
.	O
The	REF
refinery	REF
mainly	O
processes	O
domestic	PROD
Liaohe	PROD
and	O
Daqing	PROD
crudes	PROD
,	O
with	O
20-25%	O
consumption	O
of	O
crude	PROD
from	O
Russia	O
.	O
Most	O
of	O
the	PROD
crude	PROD
it	O
processes	O
is	O
from	O
the	O
neighbouring	O
Xinjiang	OFI
region	OFI
.	O
Russian-sourced	PROD
crude	PROD
.	O
Utilises	O
very	O
heavy	PROD
crude	PROD
,	O
through	O
the	O
crude	PROD
upgrading	O
unit	O
.	O
Imported	O
crude	PROD
cargoes	O
will	O
be	O
unloaded	O
at	O
the	O
300	O
0	O
dwt	O
berth	O
at	O
Yingkou	TERM
port	TERM
.	O
The	REF
refinery	REF
was	O
designed	O
to	O
process	O
high	O
acid	PROD
heavy	PROD
offshore	PROD
crude	PROD
from	O
CNOOC's	OFI
Penglai	OFI
offshore	OFI
field	OFI
in	O
Bohai	O
Bay	O
.	O
The	REF
refinery	REF
will	O
primarily	O
process	O
Middle	PROD
Eastern	PROD
Crudes	PROD
.	O
The	REF
Refinery	REF
is	O
processing	O
crude	PROD
oil	PROD
available	O
from	O
the	O
oil	OFI
fields	OFI
of	O
ONGC	OFI
and	O
OIL	OFI
located	O
in	O
the	O
North-East	O
India	O
and	O
Ravva	PROD
crude	PROD
oil	PROD
from	O
the	O
Krishna-Godavari	OFI
basin	OFI
off	O
the	O
coast	O
of	O
Andhra	O
Pradesh	O
.	O
The	PROD
North-East	PROD
crude	PROD
oil	PROD
is	O
received	O
through	O
a	O
750	O
km	O
long	O
pipeline	PIPE
of	O
OIL	PROD
originating	O
at	O
Duliajan.	OFI
.	O
Ravva	PROD
crude	PROD
oil	PROD
is	O
shipped	O
to	O
Haldia	TERM
port	TERM
from	O
where	O
it	O
is	O
pumped	O
to	O
Barauni	PIPE
through	PIPE
Haldia-Barauni	PIPE
Crude	PIPE
Pipeline	PIPE
(	O
HBCPL	PIPE
)	O
of	O
Indian	PROD
Oil	PROD
.	O
From	O
Barauni	OFI
,	O
it	O
is	O
pumped	O
to	O
Bongaigaon	O
through	O
OIL's	PIPE
crude	PIPE
pipeline	PIPE
.	O
Sweet	PROD
crude	PROD
is	O
being	O
sourced	O
from	O
African	O
,	O
South	O
East	O
Asian	O
and	O
Middle	O
East	O
countries	O
like	O
Nigeria	O
,	O
Iraq	O
&	O
Malaysia	O
.	O
The	PROD
crude	PROD
is	O
brought	O
up	O
to	O
Haldia	O
by	O
Very	PIPE
Large	PIPE
Crude	PIPE
Carriers	PIPE
(	O
VLCCs	PIPE
)	O
from	O
where	O
it	O
is	O
pumped	O
through	O
the	PIPE
Haldia-Barauni	PIPE
Crude	PIPE
Oil	PIPE
Pipeline	PIPE
.	O
The	REF
refinery	REF
is	O
now	O
capable	O
of	O
using	O
sour	PROD
crudes	PROD
.	O
Indigenous	PROD
crude	PROD
oil	PROD
produced	O
at	O
the	O
Assam	OFI
oil	OFI
fields	OFI
.	O
The	REF
refinery	REF
processes	O
indigenous	PROD
and	O
imported	PROD
,	O
both	O
low	PROD
sulphur	PROD
and	O
high	PROD
sulphur	PROD
grades	O
of	O
crude	PROD
oil	PROD
.	O
Guwahati	REF
Refinery	REF
processes	O
crude	PROD
oil	PROD
received	O
from	O
the	O
Upper	OFI
Assam	OFI
Oil	OFI
Fields	OFI
.	O
Sweet	PROD
indigenous	PROD
Narimanam	PROD
crude	PROD
from	O
the	O
Narimanam	OFI
Oil	OFI
Field	OFI
.	O
37	O
kinds	O
of	O
crude	PROD
were	O
treated	O
in	O
2008	O
-LRB-	O
49	O
kinds	O
of	O
crude	PROD
treated	O
in	O
2007	O
-RRB-	O
.	O
The	O
average	O
sulfur	PROD
and	O
API	PROD
of	O
imported	O
crude	PROD
are	O
1.35	O
and	O
36.0	O
respectively	O
.	O
80	O
%	O
of	O
crude	PROD
comes	O
from	O
the	O
Middle	O
East	O
.	O
Crude	PROD
oil	PROD
is	O
carried	O
by	O
oil	PIPE
tankers	PIPE
from	O
the	O
Middle	O
East	O
,	O
South	O
America	O
,	O
and	O
Africa	O
.	O
Crude	PROD
is	O
supplied	O
by	O
Saudi	O
Aramco	O
.	O
In	O
2012	O
S-OIL	O
signed	O
an	O
exclusive	O
20-year	O
long-term	O
crude	PROD
supply	O
contract	O
with	O
Saudi	O
Aramco	O
.	O
The	REF
refinery	REF
processes	O
Iranian	PROD
Light	PROD
Crude	PROD
Oil	PROD
.	O
The	REF
refinery	REF
is	O
designed	O
for	O
a	O
50	O
vol	O
%	O
blend	O
of	O
Arabian	PROD
Heavy	PROD
and	O
Arabian	PROD
Light	PROD
crude	PROD
oils	PROD
.	O
Of	O
CPC	O
's	O
total	O
crude	PROD
supply	O
63.53	O
%	O
coming	O
from	O
the	O
Middle	O
East	O
,	O
25.60	O
%	O
from	O
Africa	O
,	O
6.75	O
%	O
from	O
Australia	O
and	O
4.12	O
%	O
from	O
Central	O
Asia	O
.	O
The	REF
refinery	REF
processes	O
domestic	PROD
Pattani	PROD
and	O
Wichian	PROD
Buri	PROD
crude	PROD
oil	PROD
.	O
It	O
has	O
also	O
processed	O
Malaysia	O
s	O
and	O
Brunei	O
s	O
crude	PROD
oil	PROD
.	O
The	REF
refinery	REF
processes	O
condensate	PROD
as	O
well	O
as	PROD
crude	PROD
.	O
Condensate	PROD
.	O
Crude	PROD
is	O
unloaded	O
from	O
VLCC	PIPE
size	PIPE
tankers	PIPE
using	O
an	O
SPM	O
Buoy	O
system	O
installed	O
in	O
a	O
water	O
depth	O
of	O
approximately	O
30	O
metres	O
.	O
Naphtha-free	PROD
condensate	PROD
residues	O
-LRB-	O
CR	O
-RRB-	O
.	O
Half	O
of	O
the	PROD
crude	PROD
is	O
to	O
be	O
supplied	O
by	O
BP	O
.	O
Initially	O
all	O
of	O
the	PROD
crude	PROD
was	O
domestic	O
Vietnamese	PROD
crude	PROD
from	O
the	O
Bach	OFI
Ho	OFI
Oil	OFI
and	OFI
Gas	OFI
Field	OFI
,	O
but	O
supply	O
has	O
been	O
diversified	O
to	O
include	O
Russian	O
ESPO	O
.	O
In	O
2011	O
the	REF
refinery	REF
will	O
also	O
process	O
Malaysian	PROD
crude	PROD
.	O
The	REF
Altona	REF
refinery	REF
processes	O
a	O
range	O
of	O
foreign	O
and	O
domestic	PROD
crude	PROD
oils	PROD
.	O
The	REF
refinery	REF
receives	O
approximately	O
half	O
its	O
crude	PROD
oil	PROD
from	O
Bass	O
Strait	O
,	O
delivered	O
direct	O
to	O
the	O
refinery	REF
via	O
pipeline	PIPE
.	O
The	O
remainder	O
of	O
the	REF
refinery	REF
's	O
crude	PROD
oil	PROD
mainly	O
comes	O
from	O
South	O
East	O
Asia	O
,	O
delivered	O
by	O
large	PIPE
tankers	PIPE
to	O
the	O
Point	O
Gellibrand	O
dock	O
at	O
Williamstown	O
.	O
Crude	PROD
oil	PROD
is	O
received	O
from	O
Shell	O
s	O
Gore	TERM
Bay	TERM
Terminal	TERM
,	O
which	O
is	O
located	O
on	O
ten	O
hectares	O
of	O
land	O
in	O
Greenwich	O
,	O
via	O
an	O
18	O
km	O
300	O
mm	O
diameter	O
pipeline	PIPE
.	O
About	O
90	O
%	O
of	O
crude	PROD
and	O
other	O
feedstock	PROD
arrives	O
at	O
the	REF
refinery	REF
via	O
ship	PIPE
.	O
Crude	PROD
oil	PROD
arrives	O
from	O
the	O
Far	O
East	O
-LRB-	O
e.g.	O
Vietnam	O
,	O
Malaysia	O
,	O
Brunei	O
and	O
Indonesia	O
-RRB-	O
,	O
West	O
Africa	O
-LRB-	O
e.g.	O
Algeria	O
and	O
Gabon	O
-RRB-	O
,	O
United	O
Arab	O
Emirates	O
,	O
New	O
Zealand	O
,	O
and	O
Australia	O
s	O
own	O
oilfields	OFI
via	O
the	O
Western	PIPE
Port-Altona-Geelong	PIPE
-LRB-	O
WAG	PIPE
-RRB-	O
pipeline	PIPE
and	O
by	O
ship	PIPE
.	O
Crude	PROD
oil	PROD
is	O
delivered	O
to	O
BP	REF
Refinery	REF
-LRB-	O
Kwinana	REF
-RRB-	O
mostly	O
by	O
ship	O
.	O
Azeri	PROD
crude	PROD
.	O
*	O
Atyrau	O
,	O
has	O
been	O
processing	O
crude	PROD
oil	PROD
of	O
Kazakhstan	O
exclusively	O
.	O
It	O
is	O
located	O
close	O
to	O
the	O
richest	OFI
oil	OFI
fields	OFI
in	O
the	O
country	O
,	O
such	O
as	O
Tengiz	OFI
Oil	OFI
Field	OFI
,	O
Zhanazhol	OFI
Oil	OFI
Field	OFI
and	O
Uzen	OFI
Oil	OFI
Field	OFI
.	O
The	REF
refinery	REF
is	O
technically-equipped	O
for	O
processing	O
West	PROD
Siberian	PROD
Crude	PROD
Oil	PROD
and	O
Tyumen	PROD
Crude	PROD
Oil	PROD
shipped	O
in	O
by	O
the	O
Omsk-Pavlodar-Shymkent-Chardzhou	PIPE
pipeline	PIPE
,	O
and	O
is	O
not	O
linked	O
by	O
pipeline	PIPE
to	O
western	O
Kazakhstan	O
.	O
.	O
The	REF
Refinery	REF
uses	O
domestic	PROD
Kumkol	PROD
Crude	PROD
Oil	PROD
from	O
the	OFI
Kumkol	OFI
Oil	OFI
Field	OFI
.	O
Domestic	PROD
Crude	PROD
.	O
Achinsk	REF
Refinery	REF
processes	O
West	PROD
Siberian	PROD
crude	PROD
delivered	O
via	O
the	O
Transneft	PIPE
pipeline	PIPE
system	O
.	O
Angarsk	REF
Refinery	REF
processes	O
West	PROD
Siberian	PROD
crude	PROD
oil	PROD
delivered	O
via	O
the	O
Transneft	PIPE
pipeline	PIPE
system	O
.	O
Komsomolsk	REF
Refinery	REF
processes	O
West	PROD
Siberian	PROD
crude	PROD
,	O
which	O
is	O
delivered	O
via	O
the	O
Transneft	PIPE
pipeline	PIPE
and	O
then	O
by	O
rail	PIPE
after	O
reloading	O
at	O
the	O
Uyar	O
-LRB-	O
near	O
Krasnoyarsk	O
-RRB-	O
and	O
Zuy	O
-LRB-	O
near	O
Angarsk	O
-RRB-	O
rail	O
junctions	O
.	O
The	REF
plant	REF
also	O
processes	O
crude	PROD
oil	PROD
coming	O
from	O
Rosneft	O
s	O
Sakhalin	OFI
fields	OFI
via	O
the	O
Okha	PIPE
Komsomolsk-on-Amur	PIPE
pipeline	PIPE
.	O
A	O
substantial	O
part	O
of	O
crude	PROD
feedstock	PROD
is	O
sourced	O
from	O
Rosneft	O
s	O
upstream	O
units	O
in	O
Western	O
Siberia	O
and	O
Samara	O
region	O
.	O
Crude	PROD
is	O
supplied	O
from	O
the	O
Samotlor	OFI
Oil	OFI
Field	OFI
in	O
Western	O
Siberia	O
.	O
The	REF
refinery	REF
processes	O
West	PROD
Siberian	PROD
crude	PROD
-LRB-	O
produced	O
by	O
Yuganskneftegaz	O
-RRB-	O
as	O
well	O
as	O
feedstock	PROD
from	O
Rosneft	O
s	O
oil	OFI
fields	OFI
in	O
the	O
Samara	O
region	O
-LRB-	O
Samaraneftegaz	O
-RRB-	O
.	O
TNK	O
BP	O
produces	O
crude	PROD
oil	PROD
in	O
the	O
region	O
.	O

The	REF
refinery	REF
processes	O
crude	PROD
oil	PROD
from	O
West	O
Siberia	O
,	O
which	O
is	O
delivered	O
via	O
the	O
Transneft	PIPE
pipeline	PIPE
system	O
,	O
as	O
well	O
as	O
crude	PROD
oil	PROD
produced	O
by	O
Rosneft	O
in	O
Southern	O
Russia	O
and	O
delivered	O
via	O
the	O
Transneft	PIPE
pipeline	PIPE
system	O
and	O
by	O
rail	PIPE
.	O
The	REF
refinery	REF
processes	O
sour	PROD
crude	PROD
oil	PROD
,	O
various	O
gas	PROD
condensates	PROD
,	O
as	O
well	O
as	O
medium	O
and	O
heavy	PROD
distillates	PROD
from	O
other	O
refineries	REF
.	O
The	REF
plant	REF
processes	O
Karachaganak	PROD
gas	PROD
condensate	PROD
.	O
Uses	O
local	PROD
crude	PROD
.	O
In	O
August	O
2009	O
Bashneft	O
signed	O
annual	O
contracts	O
with	O
Lukoil	O
for	O
the	O
supply	O
of	O
up	O
to	O
400	O
tonnes	O
monthly	O
,	O
TNK-BP	O
-	O
200	O
tonnes	O
of	O
oil	PROD
and	O
Shell	O
-	O
100	O
tonnes	O
of	O
oil	PROD
.	O
West	O
Siberian	PROD
Crude	PROD
Oil	PROD
,	O
Arlan	O
sour	PROD
Crude	PROD
oil	PROD
,	O
gas	O
condensate	O
.	O
The	REF
refinery	REF
processes	O
blend	PROD
crude	PROD
oil	PROD
from	O
Western	O
Siberia	O
and	O
Tatarstan	O
.	O
The	REF
refinery	REF
processes	O
West	PROD
Siberian	PROD
Crude	PROD
.	O
Crude	PROD
oil	PROD
is	O
supplied	O
to	O
the	REF
Refinery	REF
via	O
the	O
Samara	O
by	O
Tikhoretsk	O
Pipeline	O
.	O
The	REF
plant	REF
processes	O
natural	PROD
gas	PROD
condensate	PROD
.	O
Russian	O
crude	PROD
oils	PROD
.	O
In	O
2011	O
the	O
Moscow	REF
Oil	REF
Refinery	REF
Plant	REF
refined	O
10.8	O
million	O
tons	O
of	O
oil	PROD
.	O
The	REF
Omsk	REF
Oil	REF
Refinery	REF
is	O
linked	O
via	O
a	O
pipeline	PIPE
network	PIPE
to	O
JSC	O
Gazprom	O
Neft	O
$	O
™	O
s	O
major	O
oilfields	OFI
,	O
thus	O
providing	O
supplies	O
of	O
high-quality	PROD
crude	PROD
oil	PROD
.	O
Domestic	PROD
crude	PROD
.	O
The	REF
refinery	REF
is	O
to	O
be	O
connected	O
to	O
the	O
Eastern	PIPE
Siberia	PIPE
Pacific	PIPE
Ocean	PIPE
Oil	PIPE
Pipeline	PIPE
.	O
The	REF
refinery	REF
processes	O
locally	PROD
produced	PROD
crude	PROD
oil	PROD
&	O
gas	PROD
condensate	PROD
.	O
The	PROD
crude	PROD
is	O
medium	O
heavy	O
&	O
sour	O
.	O
Siberian	PROD
or	O
Kazakh	PROD
crude	PROD
fed	O
by	O
pipeline	PIPE
.	O
From	O
the	O
domestic	OFI
Yoloten	OFI
Oil	OFI
Field	OFI
.	O
Following	O
the	O
rehabilitation	O
project	O
,	O
the	REF
refinery	REF
changed	O
the	O
source	O
of	O
raw	PROD
material	PROD
from	O
Russian	PROD
crude	PROD
oil	PROD
,	O
with	O
a	O
low	PROD
sulphur	PROD
content	PROD
,	O
to	O
local	PROD
crude	PROD
extracted	O
from	O
the	O
recently	OFI
discovered	OFI
Kokdumalak	OFI
Oil	OFI
Field	OFI
,	O
which	O
has	O
a	O
high	PROD
sulphur	PROD
content	PROD
.	O
The	REF
refinery	REF
process	O
Albanian	PROD
crude	PROD
oil	PROD
.	O
Approx	O
.	O
one	O
million	O
tons	O
of	O
crude	PROD
oil	PROD
comes	O
from	O
these	O
domestic	O
subsidies	O
,	O
the	O
rest	O
from	O
abroad	O
,	O
mainly	O
Russia	O
,	O
Kazakhstan	O
,	O
Nigeria	O
and	O
Saudi	O
Arabia	O
.	O
The	PIPE
Vienna-Adriatic	PIPE
Pipeline	PIPE
-LRB-	O
AWP	PIPE
-RRB-	O
,	O
a	O
branch	O
of	O
the	PIPE
Trans-Alpine	PIPE
Oil	PIPE
Pipeline	PIPE
-LRB-	O
TAL	PIPE
-RRB-	O
is	O
pumping	O
the	PROD
crude	PROD
oil	PROD
imported	O
from	O
Trieste	O
directly	O
to	O
the	O
transfer	O
station	O
Schwechat	O
.	O
Crude	PROD
oil	PROD
can	O
be	O
supplied	O
from	O
the	O
Mediterranean	O
Sea	O
by	O
the	PIPE
Janaf	PIPE
Crude	PIPE
Oil	PIPE
Pipeline	PIPE
.	O
Urals	O
via	O
the	O
Druzhba	PIPE
Pipeline	PIPE
.	O
The	REF
refinery	REF
also	O
processes	O
crude	PROD
from	O
Azerbaijan	O
&	O
Venezuela	O
.	O
Crude	PROD
oil	PROD
is	O
supplied	O
via	O
the	O
Druzhba	PIPE
Pipeline	PIPE
from	O
Russia	O
.	O
Via	O
the	O
Rotterdam	PIPE
Antwerp	PIPE
Pipeline	PIPE
.	O
Processes	O
a	O
blend	O
of	O
heavy	PROD
crude	PROD
oils	PROD
,	O
primarily	O
Venezuelan	O
.	O
The	REF
refinery	REF
receives	O
its	O
raw	PROD
material	PROD
,	O
petroleum	PROD
,	O
from	O
Rotterdam	O
through	O
the	PIPE
RAPL	PIPE
Rotterdam	PIPE
Antwerp	PIPE
Pipeline	PIPE
.	O
Supertankers	O
unload	O
crude	PROD
oil	PROD
at	O
the	O
Rotterdam	TERM
MET	TERM
terminal	TERM
.	O
This	O
crude	PROD
oil	PROD
,	O
with	O
a	O
low	O
or	O
a	O
high	PROD
sulphur	PROD
content	PROD
,	O
is	O
transported	O
to	O
Antwerp	O
by	O
pipeline	PIPE
.	O
Majority	O
of	O
the	PROD
crude	PROD
is	O
Russian	O
,	O
with	O
some	O
from	O
Kazakstan	O
.	O
The	REF
refinery	REF
processes	O
domestic	PROD
petroleum	PROD
-LRB-	O
produced	O
by	O
INA	O
-RRB-	O
in	O
addition	O
to	O
the	O
Russian	PROD
oil	PROD
imported	O
through	O
Druzhba	PIPE
Pipeline	PIPE
.	O
Crude	PROD
oil	PROD
can	O
also	O
be	O
supplied	O
from	O
the	O
Mediterranean	O
Sea	O
by	O
the	PIPE
Janaf	PIPE
Crude	PIPE
Oil	PIPE
Pipeline	PIPE
.	O
Imports	O
a	O
variety	O
of	O
crudes	PROD
via	O
either	O
the	O
Ingolstadt	PIPE
Kralupy	PIPE
Litvinov	PIPE
Oil	PIPE
Pipeline	PIPE
or	O
the	O
Druzhba	PIPE
Pipeline	PIPE
.	O
Crude	PROD
is	O
supplied	O
by	O
the	O
processors	O
.	O
Shell	O
,	O
ENI	O
&	O
Unipetrol	O
provide	O
the	PROD
crude	PROD
.	O
SOCAR	O
supplies	O
Azeri	PROD
Light	PROD
Crude	PROD
Oil	PROD
.	O
Imports	O
a	O
variety	O
of	O
crudes	PROD
via	O
either	O
the	O
Ingolstadt	PIPE
Kralupy	PIPE
Litvinov	PIPE
Oil	PIPE
Pipeline	PIPE
or	O
the	O
Druzhba	PIPE
Pipeline	PIPE
.	O
The	REF
refinery	REF
is	O
supplied	O
with	O
raw	PROD
materials	PROD
from	O
Unipetrol	O
's	O
other	O
refineries	REF
.	O
At	O
ShellÃ	O
s	O
refinery	REF
in	O
Fredericia	O
,	O
the	PROD
oil	PROD
company	O
refines	O
Danish	PROD
North	PROD
Sea	PROD
oil	PROD
,	O
sent	O
via	O
a	O
20-inch	PIPE
oil	PIPE
pipeline	PIPE
from	O
the	O
GORM	OFI
field	OFI
some	O
200	O
km	O
out	O
in	O
the	O
North	O
Sea	O
.	O
The	REF
refinery	REF
primarily	O
processes	O
various	PROD
crude	PROD
oils	PROD
and	O
condensates	O
from	O
the	O
North	OFI
Sea	OFI
,	O
which	O
are	O
brought	O
in	O
by	O
ship	O
.	O
Condensate	PROD
comes	O
chiefly	O
from	O
the	O
Sleipner	O
area	O
via	O
Statoil	REF
s	REF
gas	REF
processing	REF
plant	REF
at	O
KÃ	O
¥	O
rstÃ	O
¸	O
north	O
of	O
Stavanger	O
.	O
Runs	O
on	O
heavy	PROD
sour	PROD
crude	PROD
oil	PROD
.	O
Mainly	O
Russian	O
crude	PROD
.	O
Crude	PROD
is	O
supplied	O
via	O
The	PIPE
South	PIPE
European	PIPE
Pipeline	PIPE
.	O
Lundin	PIPE
Petroleum	PIPE
pipeline	PIPE
from	O
Villeperdue	O
.	O
LyondellBasell	O
sources	O
majority	O
of	O
its	PROD
crude	PROD
requirement	O
from	O
PDVSA	OFI
Oil	OFI
.	O
LavÃ	O
©	O
ra	O
also	O
benefits	O
from	O
an	O
advantaged	O
location	O
on	O
the	O
coast	O
of	O
the	O
Mediterranean	O
basin	O
,	O
both	O
for	PROD
crude	PROD
sourcing	O
and	O
proximity	O
to	O
markets	O
.	O
This	O
is	O
a	O
prime	O
trading	O
hub	O
for	O
multiple	O
sources	O
of	O
crude	PROD
oil	PROD
on	O
the	O
international	O
market	O
.	O
LavÃ	REF
©	O
ra	O
is	O
one	O
of	O
the	REF
most	REF
flexible	REF
refineries	REF
in	O
Europe	O
,	O
capable	O
of	O
processing	O
multiple	O
types	O
of	O
non-standard	PROD
crudes	PROD
.	O
Crude	PROD
is	O
supplied	O
from	O
a	O
variety	O
of	O
sources	O
including	O
the	O
Mediterranean	O
,	O
Baltic	O
,	O
Africa	O
,	O
Middle	O
East	O
,	O
as	O
well	O
as	O
the	O
North	O
Sea	O
.	O
The	REF
refinery	REF
receives	O
its	O
crude	PROD
oil	PROD
via	O
pipeline	PIPE
from	O
the	O
marine	O
facilities	O
in	O
Le	O
Havre	O
.	O
Crude	PROD
oil	PROD
deliveries	O
to	O
the	REF
refinery	REF
are	O
via	O
The	PIPE
South	PIPE
European	PIPE
Pipeline	PIPE
from	O
Fos-sur-Mer	O
in	O
the	O
South	O
of	O
France	O
.	O
Crude	PROD
is	O
supplied	O
from	O
the	O
Mediterranean	O
,	O
Africa	O
,	O
Baltic	O
Region	O
,	O
Latin	O
America	O
,	O
Middle	O
East	O
as	O
well	O
as	O
the	O
North	O
Sea	O
.	O
The	REF
plant	REF
in	O
Cologne-North	O
Godorf	O
utilises	O
crude	PROD
oil	PROD
from	O
the	O
Rotterdam	PIPE
oil	PIPE
pipeline	PIPE
from	O
Rotterdam	O
.	O
The	O
South	O
plant	O
in	O
Wesseling	O
also	O
utilises	O
crude	PROD
oil	PROD
from	O
the	O
pipeline	PIPE
from	O
Rotterdam	O
as	O
well	O
as	O
from	O
the	O
Nord	PIPE
West	PIPE
Oelleitung	PIPE
Pipeline	PIPE
connected	O
with	O
Wilhelmshaven	O
.	O
The	REF
refinery	REF
has	O
a	O
deep	TERM
water	TERM
port	TERM
and	O
is	O
supplied	O
by	O
tankers	PIPE
.	O
60	O
percent	O
of	O
the	PROD
crude	PROD
oil	PROD
is	O
handled	O
in	O
the	O
port	TERM
of	O
Brunsbç	O
``	O
¯	O
ttel	O
and	O
then	O
pumped	O
through	O
the	O
tank	O
farm	O
Brunsbç	O
``	O
¯	O
ttel	O
32	O
kilometers	O
to	O
the	O
plant	O
in	O
Hemmingstedt	O
.	O
Approximately	O
40	O
percent	O
of	O
crude	PROD
oil	PROD
per	O
year	O
sourced	O
from	O
the	O
local	OFI
fields	OFI
and	OFI
Mittelplate	OFI
Oil	OFI
Field	OFI
.	O
The	O
supply	O
of	O
crude	PROD
oil	PROD
is	O
via	O
the	O
Trans	PIPE
Alpine	PIPE
Pipeline	PIPE
-LRB-	O
TAL	PIPE
-RRB-	O
.	O
From	O
Trieste	O
the	PROD
crude	PROD
is	O
pumped	O
through	O
this	O
pipe	O
crude	PROD
oil	PROD
from	O
Africa	O
,	O
Venezuela	O
,	O
Norway	O
,	O
Saudi	O
Arabia	O
and	O
other	O
producer	O
countries	O
.	O
The	O
supply	O
of	O
crude	PROD
oil	PROD
is	O
via	O
the	O
Trans	PIPE
Alpine	PIPE
Pipeline	PIPE
-LRB-	O
TAL	PIPE
-RRB-	O
.	O
Crude	O
sourced	O
from	O
Africa	O
,	O
Venezuela	O
,	O
Norway	O
and	O
Saudi	O
Arabia	O
.	O
Crude	PROD
oil	PROD
is	O
supplied	O
through	O
the	O
Druzhba	PIPE
Pipeline	PIPE
from	O
Russia	O
.	O
Use	O
of	O
high-quality	O
and	O
low-sulfur	PROD
crude	PROD
oil	PROD
grades	O
.	O
The	PROD
crude	PROD
is	O
supplied	O
via	O
the	O
Trans	PIPE
Alpine	PIPE
Pipeline	PIPE
.	O
Approximately	O
one	O
third	O
of	O
the	PROD
processed	PROD
crude	PROD
oil	PROD
comes	O
from	O
Germany	O
,	O
mainly	O
from	O
the	O
production	O
fields	O
of	O
the	O
region	O
.	O
Imported	O
crude	PROD
oils	PROD
are	O
supplied	O
through	O
the	O
NWO	PIPE
pipeline	PIPE
which	O
went	O
into	O
operation	O
in	O
1958	O
.	O
Since	O
2011	O
it	O
has	O
also	O
been	O
processing	O
crude	PROD
from	O
the	O
Schoonebeek	OFI
Oil	OFI
Field	OFI
,	O
just	O
across	O
the	O
border	O
in	O
the	O
Netherlands	O
.	O
The	REF
refinery	REF
is	O
supplied	O
by	O
the	PIPE
Nord	PIPE
West	PIPE
Oelleitung	PIPE
Pipeline	PIPE
.	O
The	REF
refinery	REF
is	O
processing	O
of	O
crudes	PROD
from	O
Russia	O
,	O
North	O
Sea	O
,	O
Africa	O
,	O
Venezuela	O
and	O
other	O
points	O
of	O
origin	O
.	O
A	O
pipeline	PIPE
measuring	O
147	O
km	O
in	O
length	O
supplies	O
crude	PROD
oil	PROD
to	O
the	REF
refinery	REF
from	O
the	O
North	TERM
West	TERM
Oil	TERM
Management	TERM
deep	TERM
water	TERM
terminal	TERM
in	O
Wilhelmshaven	O
.	O
Much	O
of	O
the	PROD
crude	PROD
comes	O
from	O
Libya	O
.	O
The	REF
refinery	REF
processes	O
crude	PROD
oil	PROD
and	O
other	O
feedstocks	PROD
supplied	O
by	O
each	O
of	O
the	O
owners	O
in	O
proportion	O
to	O
their	O
respective	O
ownership	O
interests	O
.	O
Mainly	O
from	O
Eastern	O
Europe	O
Central	O
Asia	O
and	O
Africa	O
.	O
Delivery	O
through	O
Pipelines	PIPE
:	O
The	PIPE
South	PIPE
European	PIPE
Pipeline	PIPE
-LRB-	O
SPSE	PIPE
-RRB-	O
,	O
Marseille	O
,	O
Transalpine	O
leitung	O
GmbH	O
-LRB-	O
TAL	PIPE
-RRB-	O
,	O
Triest	O
.	O
The	REF
refinery	REF
's	O
crude	PROD
oil	PROD
supply	O
arrives	O
via	O
the	O
Trans	PIPE
Alpine	PIPE
Pipeline	PIPE
system	O
,	O
a	O
753	O
kilometer	O
pipeline	PIPE
connection	O
from	O
the	O
marine	TERM
shipping	TERM
terminal	TERM
in	O
Trieste	O
,	O
Italy	O
.	O
PCK	O
mainly	O
processes	O
crude	PROD
oil	PROD
from	O
Russia	O
supplied	O
through	O
the	O
Druzhba	PIPE
Pipeline	PIPE
.	O
It	O
can	O
also	O
recieve	O
crude	PROD
via	O
the	O
Rostock-Schwedt	PIPE
Crude	PIPE
Oil	PIPE
Pipeline	PIPE
.	O
The	PROD
crude	PROD
oil	PROD
processed	O
is	O
low-sulfur	O
mostly	O
from	O
the	O
North	O
Sea	O
.	O
Hellenic	O
processes	O
crude	PROD
sourced	O
mainly	O
from	O
Saudi	O
Arabia	O
,	O
Iran	O
,	O
Libya	O
and	O
Russia	O
.	O
Crude	PROD
is	O
supplied	O
via	O
the	O
Druzhba	PIPE
Pipeline	PIPE
.	O
Crude	PROD
oil	PROD
processed	O
by	O
the	REF
refinery	REF
is	O
light	O
,	O
low-sulfur	PROD
crude	PROD
oil	PROD
sourced	O
mostly	O
from	O
the	O
North	O
Sea	O
.	O
It	O
processes	O
heavy	PROD
crude	PROD
produced	O
from	O
nearby	O
Eni	OFI
fields	OFI
offshore	O
and	O
onshore	O
Sicily	O
.	O
The	O
processed	O
crude	PROD
oil	PROD
comes	O
mainly	O
from	O
the	O
Middle	O
East	O
,	O
North	O
Africa	O
and	O
Russia	O
.	O
Crude	PROD
oil	PROD
is	O
delivered	O
at	O
the	O
San	TERM
Leonardo	TERM
landing	TERM
stage	TERM
,	O
which	O
can	O
be	O
reached	O
by	O
oil	PIPE
tankers	PIPE
of	O
up	O
to	O
85	O
thousand	O
tons	O
in	O
capacity	O
,	O
and	O
sent	O
,	O
through	O
an	PIPE
oil	PIPE
pipeline	PIPE
under	O
the	O
lagoon	O
11	O
km	O
long	O
and	O
with	O
a	O
diameter	O
of	O
about	O
107	O
cm	O
,	O
to	O
the	O
tanks	O
on	O
the	O
Isola	O
dei	O
Petroli	O
.	O
The	O
high	O
degree	O
of	O
flexibility	O
of	O
this	REF
refinery	REF
allows	O
it	O
to	O
process	O
a	O
wide	O
range	O
of	O
feedstock	PROD
.	O
The	REF
refinery	REF
is	O
located	O
along	O
the	O
course	O
of	O
the	PIPE
oil	PIPE
pipeline	PIPE
connecting	O
up	O
the	O
terminal	TERM
in	O
Genoa	O
with	O
the	O
Swiss	O
French	O
canton	O
.	O
The	O
quantity	O
of	O
crude	PROD
oil	PROD
received	O
from	O
Genoa	O
,	O
coming	O
by	O
ship	PIPE
mainly	O
from	O
Russia	O
,	O
Africa	O
,	O
North	O
Europe	O
and	O
the	O
Middle	O
East	O
,	O
amounts	O
to	O
about	O
90	O
%	O
.	O
The	O
remaining	O
quantity	O
also	O
comes	O
by	O
oil	PIPE
pipeline	PIPE
from	O
the	O
Villafortuna	OFI
oilfields	OFI
near	O
Trecate	O
-LRB-	O
Novara	O
-RRB-	O
.	O
It	O
processes	O
most	O
of	O
the	PROD
oil	PROD
produced	O
in	O
Eni	O
's	O
Val	OFI
D	OFI
Agri	OFI
Oil	OFI
Field	OFI
carried	O
to	O
Taranto	O
through	O
the	PIPE
Monte	PIPE
Alpi	PIPE
Crude	PIPE
Oil	PIPE
Pipeline	PIPE
.	O
It	O
also	O
processes	O
crude	PROD
from	O
the	O
Middle	O
East	O
,	O
North	O
and	O
Russia	O
.	O
All	O
oil	PROD
is	O
supplied	O
by	O
sea	O
going	PIPE
vessels	PIPE
.	O
The	O
sources	O
of	O
supply	O
of	O
raw	PROD
materials	PROD
-LRB-	O
raw	O
and	O
semifinished	O
-RRB-	O
are	O
insured	O
by	O
both	O
established	O
contractual	O
relationships	O
with	O
key	O
producing	O
countries	O
-LRB-	O
such	O
as	O
Algeria	O
,	O
Saudi	O
Arabia	O
,	O
Egypt	O
,	O
Iraq	O
,	O
Iran	O
,	O
Libya	O
,	O
Nigeria	O
,	O
Russia	O
,	O
Syria	O
,	O
Tunisia	O
and	O
Venezuela	O
-RRB-	O
both	O
stable	O
relations	O
with	O
major	O
oil	PROD
companies	O
and	O
major	O
companies	O
trading	O
internationally	O
.	O
A	O
mixture	O
of	O
light	O
and	O
heavy	PROD
crudes	PROD
.	O
The	REF
refinery	REF
uses	O
a	O
balanced	O
mix	O
of	O
both	O
medium-heavy	O
and	O
light	PROD
crude	PROD
oils	PROD
.	O
The	REF
refinery	REF
is	O
able	O
to	O
process	O
medium-heavy	PROD
crude	PROD
oils	PROD
with	O
a	O
high	PROD
sulphur	PROD
content	PROD
.	O
The	O
crude	PROD
oil	PROD
for	O
refinery	REF
originates	O
on	O
the	PROD
oil	PROD
producing	O
areas	O
linked	O
to	O
the	O
Mediterranean	O
basin	O
:	O
Syria	O
,	O
Egypt	O
,	O
Russia	O
,	O
Iran	O
,	O
Libya	O
and	O
Iraq	O
.	O
It	O
is	O
transported	O
by	O
oil	PIPE
tankers	PIPE
of	O
up	O
to	O
80	O
tons	O
that	O
are	O
unloaded	O
at	O
Porto	O
Marghera	O
where	O
IES	O
has	O
a	O
coastal	O
deport	O
that	O
is	O
connected	O
to	O
the	O
Agip	TERM
Petroli	TERM
reception	TERM
and	O
storage	TERM
facility	TERM
.	O
The	PROD
crude	PROD
oil	PROD
is	O
then	O
carried	O
to	O
the	REF
refinery	REF
at	O
Mantua	O
via	O
a	O
120	O
Km-long	O
pipeline	PIPE
owned	O
by	O
IES	O
.	O
process	O
mainly	O
low-sulphur	O
crude	PROD
oils	PROD
originating	O
from	O
the	O
Mediterranean	OFI
basin	OFI
and	O
West	O
Africa	O
.	O
Crude	PROD
oils	PROD
with	O
high-sulphur	PROD
content	O
are	O
also	O
processed	O
for	O
the	O
production	O
of	O
bitumen	PROD
.	O
The	REF
Refinery	REF
site	O
is	O
connected	O
to	O
the	O
depot	TERM
station	TERM
in	O
Fiumicino	O
by	O
two	PIPE
pipeline	PIPE
.	O
Two	O
off-shore	O
platforms	O
connected	O
to	O
the	O
Fiumicinostation	O
via	O
four	O
sea-lines	O
are	O
used	O
for	O
crude	PROD
oil	PROD
products	PROD
,	O
and	O
products	O
dispatch	O
by	O
sea	O
.	O
Crude	PROD
oil	PROD
is	O
transported	O
by	O
tankers	O
to	O
buoys	O
at	O
Vado	O
Ligure	O
,	O
Savona	O
,	O
which	O
are	O
able	O
to	O
receive	O
ships	O
up	O
to	O
316	O
tons	O
.	O
An	O
underground	O
pipeline	PIPE
approximately	O
150	O
km	O
long	O
with	O
a	O
diameter	O
of	O
20	O
''	O
-LRB-	O
500	O
mm	O
-RRB-	O
connects	O
the	O
coastal	O
Quiliano	O
storage	O
tanks	O
with	O
the	O
refinery	REF
.	O
Saras	REF
is	O
able	O
to	O
refine	O
different	O
types	O
of	O
crude	PROD
oil	PROD
,	O
including	O
cheaper	O
qualities	O
-LRB-	O
such	O
as	O
heavy	O
sour	O
-RRB-	O
and	O
unconventional	PROD
crude	PROD
oils	PROD
with	O
specific	O
characteristics	O
-LRB-	O
paraffinic	O
,	O
acidic	O
,	O
etc.	O
-RRB-	O
,	O
obtaining	O
quality	O
oil	PROD
products	O
-LRB-	O
such	O
as	O
low-environmental-impact	O
gasoline	PROD
and	O
diesel	PROD
-RRB-	O
,	O
with	O
superior	O
refining	O
margins	O
.	O
Crude	PROD
comes	O
from	O
Libya	O
,	O
Russia	O
,	O
the	O
North	O
Sea	O
and	O
The	O
Middle	O
East	O
.	O
Until	O
July	O
2006	O
,	O
the	O
primary	O
feedstock	PROD
processed	O
by	O
the	O
Mazeikiai	REF
Refinery	REF
was	O
Russian	O
crude	PROD
oil	PROD
shipped	O
by	O
the	O
Druzhba	PIPE
Pipeline	PIPE
system	O
.	O
These	O
supplies	O
were	O
supplemented	O
by	O
crude	PROD
oil	PROD
and	O
other	O
feedstocks	PROD
delivered	O
by	O
railway	O
.	O
Mazeikiu	O
Nafta	O
also	O
purchases	O
for	O
the	REF
Refinery	REF
truck	O
shipments	O
of	O
crude	PROD
oil	PROD
produced	O
in	O
Lithuania	O
.	O
Currently	O
the	O
main	O
deliveries	O
of	O
crude	PROD
oil	PROD
to	O
the	O
Mazeikiai	REF
Refinery	REF
come	O
via	O
the	O
Butinge	TERM
Oil	TERM
Terminal	TERM
.	O
The	O
delivery	O
of	O
the	PROD
Crude	PROD
oil	PROD
is	O
performed	O
in	O
crude	PIPE
oil	PIPE
tanks	PIPE
in	O
Thessalonica	O
.	O
The	O
tanks	PIPE
in	O
Thessalonica	O
are	O
connected	O
with	O
crude	PIPE
oil	PIPE
tanks	PIPE
in	O
OKTA	O
through	O
the	O
crude	PIPE
oil	PIPE
pipeline	PIPE
Thessalonica	O
-	O
Skopje	O
.	O
The	O
latter	O
has	O
been	O
operating	O
since	O
2002	O
.	O
Its	O
length	O
is	O
213	O
km	O
and	O
its	O
annual	O
capacity	O
amounts	O
to	O
2.500.000	O
tones	O
of	O
crude	PROD
oil	PROD
.	O
North	O
Sea	O
.	O
All	O
crude	PROD
oil	PROD
refined	O
at	O
the	REF
plant	REF
comes	O
from	O
the	O
Norwegian	O
continental	O
shelf	O
.	O
It	O
processes	O
both	PROD
Crude	PROD
and	O
Condensates	PROD
,	O
which	O
are	O
delivered	O
by	O
ship	PIPE
&	O
pipeline	PIPE
.	O
It	O
receives	O
NGLs	PROD
from	O
the	O
Kollsnes	REF
Gas	REF
Processing	REF
Plant	REF
.	O
The	REF
refinery	REF
is	O
supplied	O
with	O
Russian	O
crude	PROD
via	O
the	O
Druzhba	PIPE
Pipeline	PIPE
.	O
The	PROD
key	PROD
feedstock	PROD
of	O
Grupa	O
LOTOS	O
S.A.	O
s	O
refinery	REF
in	O
Gdansk	O
is	O
the	O
Russian	PROD
Ural	PROD
crude	PROD
oil	PROD
and	O
the	O
Rozewie	PROD
crude	PROD
oil	PROD
produced	O
on	O
the	O
Baltic	O
Sea	O
-LRB-	O
by	O
LOTOS	O
Petrobaltic	O
-RRB-	O
.	O
However	O
,	O
in	O
its	O
history	O
the	REF
plant	REF
has	O
processed	O
various	O
types	O
of	O
oil	PROD
,	O
including	PROD
oil	PROD
sourced	O
from	O
the	O
North	OFI
Sea	OFI
-LRB-	O
e.g.	O
Brent	PROD
Blend	PROD
,	O
Troll	PROD
,	O
Gullfaks	OFI
,	O
Forties	OFI
or	O
Aasgard	OFI
-RRB-	O
,	O
the	O
Middle	O
East	O
-LRB-	O
e.g.	O
Kirkuk	PROD
,	O
Kuwait	O
,	O
Sahara	O
and	O
Zakum	O
-RRB-	O
,	O
as	O
well	O
as	O
some	O
exotic	O
types	O
of	O
oil	PROD
,	O
such	O
as	O
Castilla	PROD
crude	PROD
from	O
Columbia	O
.	O
The	O
company	O
has	O
a	O
strategy	O
of	O
processing	O
more	O
of	O
its	O
own	PROD
crude	PROD
as	O
production	O
increases	O
.	O
Crude	PROD
is	O
supplied	O
by	O
PGNiG	O
.	O
Most	O
of	O
the	PROD
crude	PROD
oil	PROD
comes	O
from	O
countries	O
in	O
the	O
Black	O
Sea	O
Region	O
-LRB-	O
Russia	O
,	O
Kazakhstan	O
,	O
Azerbaijan	O
-RRB-	O
.	O
The	PROD
crude	PROD
is	O
shipped	O
to	O
the	O
Constanta	TERM
Oil	TERM
Terminal	TERM
and	O
transported	O
by	O
pipeline	PIPE
to	O
Arpechim	REF
and	O
Petrobrazi	REF
refineries	REF
.	O
Domestic	PROD
Crudes	PROD
.	O
In	O
2007	O
,	O
most	O
of	O
the	O
imported	O
crude	PROD
oil	PROD
has	O
being	O
supplied	O
to	O
Arpechim	REF
refinery	REF
.	O
The	REF
refinery	REF
is	O
importing	O
crude	PROD
oil	PROD
from	O
countries	O
in	O
the	O
Black	O
Sea	O
Region	O
-LRB-	O
Russia	O
,	O
Kazakhstan	O
,	O
Azerbaijan	O
-RRB-	O
.	O
The	PROD
crude	PROD
is	O
shipped	O
to	O
the	O
Constanta	TERM
Oil	TERM
Terminal	TERM
and	O
transported	O
by	O
pipeline	PIPE
to	O
Arpechim	REF
and	O
Petrobrazi	REF
refineries	REF
.	O
The	REF
refinery	REF
uses	O
domestic	PROD
crudes	PROD
.	O
The	REF
refinery	REF
is	O
connected	O
to	O
the	OFI
Baicoi	OFI
and	O
Slobozia	OFI
oilfields	OFI
by	O
pipelines	PIPE
with	O
a	O
length	O
of	O
14.1	O
	O
km	O
and	O
diameter	O
of	O
150	O
mm	O
,	O
owned	O
by	O
Conpet	O
Ploiesti	O
.	O
It	O
is	O
mostly	O
imported	O
crude	PROD
oil	PROD
that	O
is	O
being	O
processed	O
-LRB-	O
70-80	O
%	O
-RRB-	O
.	O
It	O
is	O
supplied	O
by	O
way	O
of	O
the	PIPE
Janaf	PIPE
Crude	PIPE
Oil	PIPE
Pipeline	PIPE
through	O
Croatia	O
or	O
by	O
barges	O
on	O
the	O
river	O
Danube	O
from	O
Romania	O
and	O
Hungary	O
.	O
